[
  {
    "name": "Kinh Dương Vương Lạc Long Quân Hùng Vương",
    "label": "18 đời",
    "lunaryear": " ",
    "year": "2000 năm trước Công nguyên"
  },
  {
    "name": "Thục Phán An Dương Vương",
    "label": "An Dương Vương",
    "lunaryear": "Giáp Thìn",
    "year": "257 - 208 TCN"
  },
  {
    "name": " Triệu Vũ Vương (Triệu Đà)",
    "label": " ",
    "lunaryear": "Giáp Ngọ",
    "year": "207 - 136 T"
  },
  {
    "name": "Triệu Văn Vương (Triệu Hồ)",
    "label": " ",
    "lunaryear": "Ất Tỵ",
    "year": "136 – 124 T"
  },
  {
    "name": " Triệu Minh Vương (Triệu Anh Tề)",
    "label": " ",
    "lunaryear": "Đinh Tỵ",
    "year": "124 – 112 T"
  },
  {
    "name": " Triệu Ai Vương (Triệu Hưng)",
    "label": " ",
    "lunaryear": "Kỷ Tỵ",
    "year": "112 T"
  },
  {
    "name": " Triệu Khương Dương (Triệu Kiến Đức)",
    "label": " ",
    "lunaryear": "Canh Ngọ",
    "year": "111 T"
  },
  {
    "name": " Thời Tây Hán đô hộ",
    "label": " ",
    "lunaryear": "Canh Ngọ",
    "year": "111 T – 25"
  },
  {
    "name": " Thời Đông Hán đô hộ",
    "label": " ",
    "lunaryear": "Ất Dậu",
    "year": "25 – 40"
  },
  {
    "name": " Trưng Vương (Trưng Trắc)",
    "label": " ",
    "lunaryear": "Canh Tý",
    "year": "40 – 43"
  },
  {
    "name": "Thời Đông Hán đô hộ",
    "label": " ",
    "lunaryear": "Quý mão",
    "year": "43"
  },
  {
    "name": "Thời Ngô",
    "label": " ",
    "lunaryear": "Giáp Tý",
    "year": "244"
  },
  {
    "name": "Bà Triệu khởi nghĩa",
    "label": " ",
    "lunaryear": "Mậu Thìn",
    "year": "248"
  },
  {
    "name": "Thời Ngô, Nguỵ",
    "label": " ",
    "lunaryear": "Giáp Thân",
    "year": "264"
  },
  {
    "name": "Thời Ngô, Tấn",
    "label": " ",
    "lunaryear": "Ất Dậu",
    "year": "265 – 279"
  },
  {
    "name": "Thời Tấn",
    "label": " ",
    "lunaryear": "Canh Tý",
    "year": "280 – 420"
  },
  {
    "name": "Thời Lưu Tống",
    "label": " ",
    "lunaryear": "Canh Thân",
    "year": "420 – 479"
  },
  {
    "name": "Thời Tế",
    "label": " ",
    "lunaryear": "Kỷ Mùi",
    "year": "479 – 505"
  },
  {
    "name": "Thời Lương",
    "label": " ",
    "lunaryear": "Ất Dậu",
    "year": "505 – 543"
  },
  {
    "name": " Lý Nam Đế (Lý Bôn)",
    "label": "Thiên Đức",
    "lunaryear": "Giáp Tý",
    "year": "544 – 548"
  },
  {
    "name": " Lý Đào Lang Vương",
    "label": "Thiên Bảo",
    "lunaryear": "Kỉ Tỵ",
    "year": "549 – 555"
  },
  {
    "name": " Triệu Việt Vương (Triệu Quang Phục)",
    "label": " ",
    "lunaryear": "Kỉ Tỵ",
    "year": "549 – 570"
  },
  {
    "name": " Hậu Lý Nam Đế",
    "label": "Lý Phật Tử",
    "lunaryear": "Tân Mão",
    "year": "571 – 602"
  },
  {
    "name": "Thời Tùy đô hộ",
    "label": " ",
    "lunaryear": "Quý Hợi",
    "year": "603 – 617"
  },
  {
    "name": "Thời Đường đô hộ",
    "label": " ",
    "lunaryear": "Mậu Dần",
    "year": "618 – 721"
  },
  {
    "name": "Mai Hắc Đế",
    "label": "Thúc Loan",
    "lunaryear": "Nhâm TuẤt",
    "year": "722"
  },
  {
    "name": "Thời Đường đô hộ",
    "label": " ",
    "lunaryear": "Quý Hợi",
    "year": "723 – 790"
  },
  {
    "name": "Bố Cái Đại Vương",
    "label": "Phùng Hưng",
    "lunaryear": "Tân Mùi",
    "year": "791"
  },
  {
    "name": "Thời Đường",
    "label": " ",
    "lunaryear": "Nhân Thân",
    "year": "792 – 906"
  },
  {
    "name": "Thời Hậu Lương",
    "label": " ",
    "lunaryear": "Đinh Mão",
    "year": "907 – 922"
  },
  {
    "name": "Thời Hậu Đường",
    "label": " ",
    "lunaryear": "Quý Mùi",
    "year": "923 – 936"
  },
  {
    "name": "Thời Hậu Tấn",
    "label": " ",
    "lunaryear": "Đinh Dậu",
    "year": "937 – 938"
  },
  {
    "name": "Khúc Thừa Dụ",
    "label": " ",
    "lunaryear": "Tân Mùi",
    "year": "905 – 907"
  },
  {
    "name": "Khúc Hạo",
    "label": " ",
    "lunaryear": "Đinh Mão",
    "year": "907 – 917"
  },
  {
    "name": "Khúc Thừa Mỹ",
    "label": " ",
    "lunaryear": "Đinh Sửu",
    "year": "917 – 923"
  },
  {
    "name": "Dương Đình Nghệ",
    "label": " ",
    "lunaryear": "Tân Mão",
    "year": "931 – 938"
  },
  {
    "name": " Ngô Vương",
    "label": "Ngô Quyền",
    "lunaryear": "Kỷ Hợi",
    "year": "939 – 944"
  },
  {
    "name": " DươngBìnhVương",
    "label": "Tam Kha",
    "lunaryear": "Ất Tỵ",
    "year": "945 – 950"
  },
  {
    "name": " Nam Tấn Vương Ngô",
    "label": "Xương Văn",
    "lunaryear": "Canh TuẤt",
    "year": "950 – 965"
  },
  {
    "name": " Thiên Sách Vương Ngô",
    "label": "Xương Ngập",
    "lunaryear": "Tân Hợi",
    "year": "951 – 959"
  },
  {
    "name": " Thập Nhị Sứ Quân",
    "label": " ",
    "lunaryear": "Bính Dần",
    "year": "966 – 968"
  },
  {
    "name": " Đinh Tiên Hoàng (Bộ Lĩnh)",
    "label": "Thái Bình",
    "lunaryear": "Mậu Thìn",
    "year": "968 – 979"
  },
  {
    "name": "Đinh Phế Đế",
    "label": "Thái Bình",
    "lunaryear": "Canh thìn",
    "year": "980"
  },
  {
    "name": " Lê Đại Hành (Lê Hoàn)",
    "label": "Thiên Phúc",
    "lunaryear": "CanhThìn",
    "year": "980 – 1005"
  },
  {
    "name": " Lê Trung Tông (Lê Long Việt chỉ làm vua được 3 ngày)",
    "label": " ",
    "lunaryear": "Ất Tỵ",
    "year": "1005"
  },
  {
    "name": " Lê Ngọa Triều",
    "label": "Ứng Thiên",
    "lunaryear": "Bính Ngọ",
    "year": "1006 – 1009"
  },
  {
    "name": " Lý Thái Tổ (Lý Công Uẩn)",
    "label": "Thuận Thiên",
    "lunaryear": "Canh TuẤt",
    "year": "1010 – 1028"
  },
  {
    "name": " Lý Thái Tông (Lý Phật Mã)",
    "label": "Thiên Thành",
    "lunaryear": "Mậu Thìn",
    "year": "1028 – 1054"
  },
  {
    "name": " Lý Thánh Tông (Lý Nhật Tôn)",
    "label": "Long Thụy",
    "lunaryear": "Giáp Ngọ",
    "year": "1054 – 1072"
  },
  {
    "name": " Lý Nhân Tông (Lý Càn Đức)",
    "label": "Thái Ninh",
    "lunaryear": "Nhâm Tý",
    "year": "1072 – 1128"
  },
  {
    "name": " Lý Thần Tông (Lý Dương Hoán)",
    "label": "Thiên Thuận",
    "lunaryear": "Mậu Thân",
    "year": "1028 – 1138"
  },
  {
    "name": " Lý Anh Tông (Lý Thiên Tộ)",
    "label": "Thiệu Minh",
    "lunaryear": "Mậu Ngọ",
    "year": "1138 – 1175"
  },
  {
    "name": " Lý Cao Tông (Lý Long Cán)",
    "label": "Trinh Phù",
    "lunaryear": "Bính Thân",
    "year": "1176 – 1210"
  },
  {
    "name": " Lý Huệ Tông (Lý Hạo Sảm)",
    "label": "Kiến Gia",
    "lunaryear": "Tân Mùi",
    "year": "1211 – 1224"
  },
  {
    "name": " Lý Chiêu Hoàng (Lý Chiêu Thánh)",
    "label": "Thiên Chương",
    "lunaryear": "Giáp Thân",
    "year": "1124 – 1125"
  },
  {
    "name": " Trần Thái Tông (Trần Cảnh)",
    "label": "Kiến Trung",
    "lunaryear": "Ất Dậu",
    "year": "1225 – 1258"
  },
  {
    "name": " Trần Thánh Tông (Trần Hoảng)",
    "label": "Thiệu Long",
    "lunaryear": "Mậu Ngọ",
    "year": "1258 – 1278"
  },
  {
    "name": " Trần Nhân Tông (Trần Khâm)",
    "label": "Thiệu Bảo",
    "lunaryear": "Kỷ Mão",
    "year": "1279 - 1293"
  },
  {
    "name": " Trần Anh Tông (Trần Thuyên)",
    "label": "Hưng Long",
    "lunaryear": "Quý Tỵ",
    "year": "1293 - 1314"
  },
  {
    "name": " Trần Minh Tông (Trần Mạnh)",
    "label": "Đại Khánh",
    "lunaryear": "Giáp Dần",
    "year": "1314 - 1329"
  },
  {
    "name": " Trần Hiến Tông (Trần Vượng)",
    "label": "Khai Hựu",
    "lunaryear": "Kỷ Tị",
    "year": "1329 - 1341"
  },
  {
    "name": " Trần Dụ Tông (Trần Hạo)",
    "label": "Thiệu Phong",
    "lunaryear": "Tân Tỵ",
    "year": "1341 - 1369"
  },
  {
    "name": "Dương Nhật Lễ (Cướp Ngôi)",
    "label": "Đại Định",
    "lunaryear": "Kỷ Dậu",
    "year": "1369 – 1370"
  },
  {
    "name": " Trần Nghệ Tông (Trần Phủ)",
    "label": "Thiệu Khánh",
    "lunaryear": "Canh TuẤt",
    "year": "1370 - 1372"
  },
  {
    "name": " Trần Duệ Tông (Trần Kính)",
    "label": "Long Khánh",
    "lunaryear": "Quý Sửu",
    "year": "1373 - 1377"
  },
  {
    "name": " Trần Phế Đế (Trần Hiện)",
    "label": "Xương Phù",
    "lunaryear": "Đinh Tỵ",
    "year": "1377 - 1388"
  },
  {
    "name": " Trần Nhuận Tông (Trần Ngung)",
    "label": "Quang Thái",
    "lunaryear": "Mậu Thin",
    "year": "1388 - 1398"
  },
  {
    "name": " Trần Thiếu Đế (Trần Án)",
    "label": "Kiến Tân",
    "lunaryear": "Mậu Dần",
    "year": "1398 - 1400"
  },
  {
    "name": " Hồ Quý Ly",
    "label": "Thành Nguyên",
    "lunaryear": "Canh Thìn",
    "year": "1400 – 1401"
  },
  {
    "name": " Hồ Hán Thương",
    "label": "Thiệu Thành",
    "lunaryear": "Tân Tị",
    "year": "1401 – 1407"
  },
  {
    "name": " Trần Giản Định (Trần Ngỗi)",
    "label": "Hưng Khánh",
    "lunaryear": "Đinh Hơi",
    "year": "1407 - 1409"
  },
  {
    "name": " Trần Quý Khoáng",
    "label": "Trùng Quang",
    "lunaryear": "Kỷ Sửu",
    "year": "1409 - 1414"
  },
  {
    "name": "Thời Minh đô hộ",
    "label": " ",
    "lunaryear": "Giáp Ngọ",
    "year": "1414 - 1417"
  },
  {
    "name": "Bình Định Vương (Lê Lợi khởi nghĩa)",
    "label": " ",
    "lunaryear": "Mậy TuẤt",
    "year": "1418 - 1427"
  },
  {
    "name": " Lê Thái Tổ (Lê Lợi)",
    "label": "Thuận Thiên",
    "lunaryear": "Mậu Thân",
    "year": "1428 - 1433"
  },
  {
    "name": " Lê Thái Tông (Lê Nguyên Long)",
    "label": "Thiệu Bình",
    "lunaryear": "Quý Sửu",
    "year": "1433 - 1442"
  },
  {
    "name": " Lê Nhân Tông (Lê Bang Cơ)",
    "label": "Thái Hòa",
    "lunaryear": "Nhâm Tý",
    "year": "1442 - 1459"
  },
  {
    "name": "Lê Nghi Dân (Cướp Ngôi)",
    "label": "Thiên Hưng",
    "lunaryear": "Kỷ Mão",
    "year": "1459"
  },
  {
    "name": " Lê Thánh Tông (Lê Tư Thành)",
    "label": "Hồng Đức",
    "lunaryear": "Canh Thin",
    "year": "1460 - 1497"
  },
  {
    "name": " Lê Hiến Tông (Lê Tăng)",
    "label": "Cảnh Thống",
    "lunaryear": "Mậu Ngọ",
    "year": "1498 - 1504"
  },
  {
    "name": " Lê Túc Tông (Lê Thuấn)",
    "label": "Thái Trinh",
    "lunaryear": "Giáp Tý",
    "year": "1504"
  },
  {
    "name": " Lê Uy Mục (Lê Tuấn)",
    "label": "Đoan Khánh",
    "lunaryear": "Ất Sửu",
    "year": "1505 - 1509"
  },
  {
    "name": " Lê Tương Dực (Lê Oanh)",
    "label": "Hồng Thuận",
    "lunaryear": "Kỷ Tị",
    "year": "1509 - 1516"
  },
  {
    "name": " Lê Chiêu Thống (Lê Ý)",
    "label": "Quang Thiệu",
    "lunaryear": "Bính Tý",
    "year": "1516 -1522"
  },
  {
    "name": " Lê Cung Hoàng (Lê Xuân)",
    "label": "Thống Nguyên",
    "lunaryear": "Nhâm Ngọ",
    "year": "1522 - 1527"
  },
  {
    "name": " Mạc Đăng Dung",
    "label": "Minh Đức",
    "lunaryear": "Đinh Hợi",
    "year": "1527 - 1529"
  },
  {
    "name": " Mạc Đăng Doanh",
    "label": "Đại Chính",
    "lunaryear": "Canh Dần",
    "year": "1530 - 1540"
  },
  {
    "name": " Lê Trang Tông (Lê Duy Ninh)",
    "label": "Nguyên Hoà",
    "lunaryear": "Quý Tỵ",
    "year": "1533 - 1548"
  },
  {
    "name": " Lê Trung Tông (Lê Huyên)",
    "label": "Thuận Bình",
    "lunaryear": "Kỷ Dậu",
    "year": "1549 - 1556"
  },
  {
    "name": " Lê Anh Tông (Lê Duy Bang)",
    "label": "Thiên Hựu",
    "lunaryear": "Đinh Tỵ",
    "year": "1557 - 1573"
  },
  {
    "name": " Lê Thế Tông (Lê Duy Đàm)",
    "label": "Gia Thái",
    "lunaryear": "Quý Dậu",
    "year": "1573 - 1599"
  },
  {
    "name": " Lê Kinh Tông (Lê Duy Tân)",
    "label": "Thuận Đức",
    "lunaryear": "Canh Tý",
    "year": "1600 - 1619"
  },
  {
    "name": " Lê Thần Tông (Lê Duy Kỳ)",
    "label": "Vĩnh Tộ",
    "lunaryear": "Kỷ Mùi",
    "year": "1619 - 1643"
  },
  {
    "name": " Lê Chân Tông (Duy Hựu)",
    "label": "Phúc Thái",
    "lunaryear": "Quý Mùi",
    "year": "1643 - 1649"
  },
  {
    "name": "Lê Thần Tông (Duy Kỳ Lần 2)",
    "label": "Khánh Đức",
    "lunaryear": "Kỷ Sửu",
    "year": "1649 - 1662"
  },
  {
    "name": " Lê Huyền Tông (Duy Vũ)",
    "label": "Cảnh Trị",
    "lunaryear": "Quý Mão",
    "year": "1663 - 1671"
  },
  {
    "name": " Lê Gia Tông (Duy Hợi)",
    "label": "Dương Đức",
    "lunaryear": "Nhâm Tý",
    "year": "1672 - 1675"
  },
  {
    "name": " Lê Hy Tông (Duy Hợp)",
    "label": "Vĩnh Trị",
    "lunaryear": "Bính Thìn",
    "year": "1676 - 1705"
  },
  {
    "name": " Lê Dụ Tông (Duy Đường)",
    "label": "Vĩnh Thịnh",
    "lunaryear": "Ất Dậu",
    "year": "1705 - 1729"
  },
  {
    "name": " Lê Đế (Duy Phường)",
    "label": "Vĩnh Khánh",
    "lunaryear": "Kỷ Dậu",
    "year": "1729 - 1732"
  },
  {
    "name": " Lê Thuần Tông (Duy Tường)",
    "label": "Long Đức",
    "lunaryear": "Nhâm Tý",
    "year": "1732 - 1735"
  },
  {
    "name": " Lê Ý Tông (Duy Thìn)",
    "label": "Vĩnh Hựu",
    "lunaryear": "Ất Mão",
    "year": "1735 - 1740"
  },
  {
    "name": " Lê Hiển Tổng (Duy Diêu)",
    "label": "Cảnh Hưng",
    "lunaryear": "Canh Thân",
    "year": "1740 - 1786"
  },
  {
    "name": " Lê Mẫn Đế (Duy Kỳ)",
    "label": "Chiêu Thống",
    "lunaryear": "Đinh Mùi",
    "year": "1787 - 1788"
  },
  {
    "name": " Nguyễn Nhạc",
    "label": "Thái Đức",
    "lunaryear": "Mậu Tuất",
    "year": "1778 - 1793"
  },
  {
    "name": "(Hoằng Lịch)",
    "label": " ",
    "lunaryear": " ",
    "year": " "
  },
  {
    "name": " Nguyễn Huệ",
    "label": "Quang Trung",
    "lunaryear": "Mậu Thân",
    "year": "1788 - 1792"
  },
  {
    "name": " NguyễnQuangToản",
    "label": "Cảnh Thịnh",
    "lunaryear": "Quý Sửu",
    "year": "1793 - 1802"
  },
  {
    "name": " Nguyễn Thế Tổ (Phúc Ánh)",
    "label": "Gia Long",
    "lunaryear": "Nhâm Tuất",
    "year": "1802 - 1820"
  },
  {
    "name": " Nguyễn Thành Tổ (Phúc Đảm)",
    "label": "Minh Mạng",
    "lunaryear": "Canh Thìn",
    "year": "1820 - 1840"
  },
  {
    "name": " Nguyễn Hiển Tổ (Miền Tông)",
    "label": "Thiệu Trị",
    "lunaryear": "Tân Sửu",
    "year": "1841 -1847"
  },
  {
    "name": " Nguyễn Dục Tông (Hồng Nhiệm)",
    "label": "Tự Đức",
    "lunaryear": "Mậu Thân",
    "year": "1847 - 1883"
  },
  {
    "name": " Nguyễn Dục Đức (Ưng Chân)",
    "label": "Dục Đức",
    "lunaryear": "Quý Mùi",
    "year": "1883 (3 ngày)"
  },
  {
    "name": " Nguyễn Hiệp Hoà (Hồng Dật)",
    "label": "Hiệp Hoà",
    "lunaryear": "Quý Mùi",
    "year": "1883 (6 tháng)"
  },
  {
    "name": " Nguyễn Giản Tông (Ưng Đằng)",
    "label": "Kiến Phúc",
    "lunaryear": "Quý Mùi",
    "year": "1883 - 1884"
  },
  {
    "name": " Nguyễn Hàm Nghi (Ưng Lịch)",
    "label": "Hàm Nghi",
    "lunaryear": "Giáp Thân",
    "year": "1884 - 1885"
  },
  {
    "name": " Nguyễn Cảnh Tông (Ưng Xuỵ)",
    "label": "Đồng Khánh",
    "lunaryear": "Bính Tuất",
    "year": "1886 - 1888"
  },
  {
    "name": " Nguyễn Thành Thái (Bửu Lân)",
    "label": "Thành Thái",
    "lunaryear": "Kỷ Sửu",
    "year": "1889 - 1907"
  },
  {
    "name": " Nguyễn Duy Tân (Vĩnh San)",
    "label": "Duy Tân",
    "lunaryear": "Đính Mùi",
    "year": "1907 - 1916"
  },
  {
    "name": " Nguyễn Hoằng Tông (Bửu Đảo)",
    "label": "Khải Định",
    "lunaryear": "Bính Thân",
    "year": "1916 - 1925"
  },
  {
    "name": " Nguyễn Bảo Đại (Vĩnh Thụy)",
    "label": "Bảo Đại",
    "lunaryear": "Bính Dần",
    "year": "1926 - 1945"
  }
]