[
  {
    "Name": "Lễ hội Đống Đa",
    "Date": "5/1",
    "Place": "Hà Nội, quận Đống Đa",
    "FirstHeldYear": "",
    "RelFigure": "Nguyễn Huệ"
  },
  {
    "Name": "Hội vật Liễu Đôi",
    "Date": "5/1",
    "Place": "Hà Nam, huyện Thanh Liêm",
    "FirstHeldYear": "",
    "RelFigure": ""
  },
  {
    "Name": "hội Gióng Sóc Sơn",
    "Date": "6/1",
    "Place": "Hà Nội, Sóc Sơn",
    "FirstHeldYear": "Nhà Tiền Lê",
    "RelFigure": "Thánh Gióng"
  },
  {
    "Name": "Lễ hội Cổ Loa",
    "Date": "6/1",
    "Place": "Hà Nội, Đông Anh",
    "FirstHeldYear": "",
    "RelFigure": "An Dương Vương"
  },
  {
    "Name": "Lễ hội chùa Bái Đính",
    "Date": "6/1",
    "Place": "Ninh Bình, Gia Viễn",
    "FirstHeldYear": "Nhà Lý",
    "RelFigure": ""
  },
  {
    "Name": "Chợ Viềng",
    "Date": "7/1",
    "Place": "Nam Định, Vụ Bản",
    "FirstHeldYear": "Nhà Trần",
    "RelFigure": ""
  },
  {
    "Name": "Lễ hội đầm Ô Loan",
    "Date": "7/1",
    "Place": "Phú Yên, Ô Loan",
    "FirstHeldYear": "",
    "RelFigure": ""
  },
  {
    "Name": "Đại lễ Đức Chí Tôn",
    "Date": "9/1",
    "Place": "Tây Ninh, Đạo Cao Đài",
    "FirstHeldYear": "",
    "RelFigure": "Đức Chí Tôn"
  },
  {
    "Name": "Hội xuân Yên Tử",
    "Date": "10/1",
    "Place": "Quảng Ninh, núi Yên Tử",
    "FirstHeldYear": "thế kỷ 14",
    "RelFigure": "Trần Nhân Tông"
  },
  {
    "Name": "Hội phết Hiền Quan",
    "Date": "13/1",
    "Place": "Phú Thọ, huyện Tam Nông",
    "FirstHeldYear": "gần đây",
    "RelFigure": "Thiều Hoa công chúa, Mộc trang đại vương"
  },
  {
    "Name": "Hội Lim",
    "Date": "13/1",
    "Place": "Bắc Ninh, huyện Tiên Du",
    "FirstHeldYear": "Nhà Lê sơ",
    "RelFigure": "Nguyễn Đình Diễn"
  },
  {
    "Name": "Lễ hội chùa Hương",
    "Date": "6/1",
    "Place": "Hà Nội, huyện Mỹ Đức",
    "FirstHeldYear": "",
    "RelFigure": "Quan Thế Âm Bồ Tát"
  },
  {
    "Name": "Hội chùa Côn Sơn",
    "Date": "15/1",
    "Place": "Hải Dương, huyện Chí Linh",
    "FirstHeldYear": "từ thế kỷ 14",
    "RelFigure": "Huyền Quang, Nguyễn Trãi"
  },
  {
    "Name": "Lễ hội làm chay",
    "Date": "14/1",
    "Place": "Long An, thị trấn Tầm Vu",
    "FirstHeldYear": "năm 1878",
    "RelFigure": "Đỗ Tường Phong, Đỗ Tường Tự"
  },
  {
    "Name": "Tết Nguyên tiêu",
    "Date": "15/1",
    "Place": "Nhiều quốc gia",
    "FirstHeldYear": "",
    "RelFigure": ""
  },
  {
    "Name": "Lễ hội chọi trâu",
    "Date": "16/1",
    "Place": "Vĩnh Phúc, huyện Lập Thạch",
    "FirstHeldYear": "thế kỷ 2 trước CN",
    "RelFigure": ""
  },
  {
    "Name": "Hội Xuân núi Bà",
    "Date": "4/1",
    "Place": "Tây Ninh, Núi Bà Đen",
    "FirstHeldYear": "",
    "RelFigure": "Linh Sơn Thánh Mẫu"
  },
  {
    "Name": "Lễ hội đình Yên Phụ",
    "Date": "10/2",
    "Place": "Hà Nội, Hồ Tây",
    "FirstHeldYear": "thế kỷ 17",
    "RelFigure": "Uy Linh Lang, Vương Duy, Vương Ba"
  },
  {
    "Name": "Lễ hội Miếu Mạch Lũng",
    "Date": "10/2",
    "Place": "Hà Nội, Đông Anh",
    "FirstHeldYear": "",
    "RelFigure": "Minh Mỗ Đại vương Thượng đẳng thần"
  },
  {
    "Name": "Lễ hội Quán Thế Âm",
    "Date": "19/2",
    "Place": "Đà Nẵng, Ngũ Hành Sơn",
    "FirstHeldYear": "năm 1960",
    "RelFigure": "Quán Thế Âm Bồ Tát"
  },
  {
    "Name": "Tiết Thanh minh",
    "Date": "",
    "Place": "",
    "FirstHeldYear": "Nhà Thanh",
    "RelFigure": ""
  },
  {
    "Name": "Hội đua voi",
    "Date": "",
    "Place": "Tây Nguyên",
    "FirstHeldYear": "",
    "RelFigure": ""
  },
  {
    "Name": "Tết Hàn thực",
    "Date": "3/3",
    "Place": "",
    "FirstHeldYear": "Nhà Lê",
    "RelFigure": "Giới Tử Thôi, Tấn Văn Công"
  },
  {
    "Name": "Hội Phủ Giầy",
    "Date": "3/3",
    "Place": "Nam Định, Vụ Bản",
    "FirstHeldYear": "",
    "RelFigure": "Mẫu Liễu Hạnh"
  },
  {
    "Name": "Lễ hội Điện Hòn Chén",
    "Date": "2/3",
    "Place": "Thừa Thiên Huế, huyện Hương Trà",
    "FirstHeldYear": "thế kỷ 16",
    "RelFigure": "Thiên Y A Na"
  },
  {
    "Name": "Lễ hội Chùa Thầy",
    "Date": "3/3",
    "Place": "Hà Tây, Quốc Oai",
    "FirstHeldYear": "",
    "RelFigure": "Từ Đạo Hạnh"
  },
  {
    "Name": "Lễ hội Hoa Lư",
    "Date": "6/3",
    "Place": "Ninh Bình, huyện Hoa Lư",
    "FirstHeldYear": "Nhà Lý",
    "RelFigure": "Đinh Bộ Lĩnh"
  },
  {
    "Name": "Lễ hội đền Thái Vi",
    "Date": "14/3",
    "Place": "Ninh Bình, huyện Hoa Lư",
    "FirstHeldYear": "Nhà Trần",
    "RelFigure": "Trần Thái Tông, Trần Thánh Tông, Trần Nhân Tông, Trần Anh Tông, Hiển Từ Hoàng Thái Hậu"
  },
  {
    "Name": "Lễ hội Nam Trì",
    "Date": "8/3",
    "Place": "Hưng Yên, huyện Ân Thi",
    "FirstHeldYear": "Thế kỉ 2 trước CN",
    "RelFigure": "Lang Công, Bảo Công, Công chúa Hùng vương Lâu nương"
  },
  {
    "Name": "Giỗ tổ Hùng Vương",
    "Date": "10/3",
    "Place": "Nhiều nơi ở Việt Nam",
    "FirstHeldYear": "Nhà Đinh",
    "RelFigure": "Vua Hùng"
  },
  {
    "Name": "Lễ hội đền Mẫu",
    "Date": "10/3",
    "Place": "Hưng Yên, Phố Hiến",
    "FirstHeldYear": "",
    "RelFigure": "Dương Quý Phi"
  },
  {
    "Name": "Lễ hội Làng cá Cát Bà",
    "Date": "",
    "Place": "Hải Phòng, huyện Cát Hải, Thị trấn Cát Bà",
    "FirstHeldYear": "1/4/1958",
    "RelFigure": "Hồ Chí Minh"
  },
  {
    "Name": "Hội Gióng Phù Đổng",
    "Date": "7/4",
    "Place": "Hà Nội, huyện Gia Lâm",
    "FirstHeldYear": "Thế kỉ 11 đời Lý Thái Tổ",
    "RelFigure": "Thánh Gióng"
  },
  {
    "Name": "Lễ Phật Đản",
    "Date": "8/4",
    "Place": "Nhiều quốc gia",
    "FirstHeldYear": "624 trước CN",
    "RelFigure": "Phật Tất Đạt Đa"
  },
  {
    "Name": "Lễ hội Chol Chnam Thmay",
    "Date": "14/4",
    "Place": "Nam Bộ",
    "FirstHeldYear": "",
    "RelFigure": ""
  },
  {
    "Name": "Lễ khao lề thế lính",
    "Date": "18/3",
    "Place": "Quảng Ngãi, huyện Lý Sơn",
    "FirstHeldYear": "",
    "RelFigure": ""
  },
  {
    "Name": "Lễ hội miếu Bà Chúa Xứ",
    "Date": "23/4",
    "Place": "Miếu Bà Chúa Xứ, Núi Sam, An Giang, Châu Đốc",
    "FirstHeldYear": "",
    "RelFigure": "Bà Chúa Xứ"
  },
  {
    "Name": "Tết Đoan ngọ",
    "Date": "5/5",
    "Place": "Nhiều quốc gia",
    "FirstHeldYear": "",
    "RelFigure": ""
  },
  {
    "Name": "Thất Tịch",
    "Date": "7/7",
    "Place": "Nhiều quốc gia",
    "FirstHeldYear": "",
    "RelFigure": "Ngưu Lang, Chức Nữ"
  },
  {
    "Name": "Lễ Vu Lan, Tết Trung Nguyên",
    "Date": "15/7",
    "Place": "Nhiều quốc gia",
    "FirstHeldYear": "",
    "RelFigure": "Bồ tát Mục Liên"
  },
  {
    "Name": "Lễ hội Nghinh Ông (Quan Thánh Đế Quân)",
    "Date": "",
    "Place": "Phan Thiết (Bình Thuận)",
    "FirstHeldYear": "",
    "RelFigure": ""
  },
  {
    "Name": "Lễ hội Katê",
    "Date": "",
    "Place": "Bình Thuận",
    "FirstHeldYear": "",
    "RelFigure": ""
  },
  {
    "Name": "Lễ hội chọi trâu",
    "Date": "9/8",
    "Place": "Hải Phòng, Đồ Sơn",
    "FirstHeldYear": "",
    "RelFigure": ""
  },
  {
    "Name": "Tết Trung Thu",
    "Date": "15/8",
    "Place": "Nhiều quốc gia",
    "FirstHeldYear": "Nhà Đường",
    "RelFigure": "Hằng Nga, Hậu Nghệ, Đường Minh Hoàng, Chú Cuội"
  },
  {
    "Name": "Hội Đền Kiếp Bạc",
    "Date": "15/8",
    "Place": "Hải Dương, huyện Chí Linh",
    "FirstHeldYear": "",
    "RelFigure": "Trần Hưng Đạo"
  },
  {
    "Name": "Hội Yến Diêu Trì",
    "Date": "15/8",
    "Place": "Tây Ninh, Tòa Thánh Tây Ninh",
    "FirstHeldYear": "năm 1925",
    "RelFigure": "Cao Quỳnh Cư, Phạm Công Tắc, Cao Hoài Sang, Nguyễn Thị Hiếu"
  },
  {
    "Name": "Lễ hội Nghinh Ông (Cá Voi)",
    "Date": "",
    "Place": "Bình Thuận, Tiền Giang",
    "FirstHeldYear": "",
    "RelFigure": ""
  },
  {
    "Name": "Lễ hội AHDT Nguyễn Trung Trực",
    "Date": "",
    "Place": "Rạch Giá, Kiên Giang",
    "FirstHeldYear": "",
    "RelFigure": "Nguyễn Trung Trực"
  },
  {
    "Name": "Lễ hội Chùa Keo",
    "Date": "13/9",
    "Place": "Thái Bình, Vũ Thư",
    "FirstHeldYear": "Nhà Lý",
    "RelFigure": "Thiền sư Không Lộ"
  },
  {
    "Name": "Tết cơm mới",
    "Date": "15/10",
    "Place": "Nhiều quốc gia",
    "FirstHeldYear": "",
    "RelFigure": ""
  },
  {
    "Name": "Lễ hội đền Nguyễn Công Trứ",
    "Date": "13/11",
    "Place": "Ninh Bình, huyện Kim Sơn",
    "FirstHeldYear": "Nhà Nguyễn",
    "RelFigure": "Nguyễn Công Trứ"
  },
  {
    "Name": "Tiễn Ông Táo về trời",
    "Date": "23/12",
    "Place": "Nhiều quốc gia",
    "FirstHeldYear": "",
    "RelFigure": "Thổ Công, Thổ địa, Thổ kỳ"
  }
]